{
  "hash": "3966c03e",
  "configHash": "9ba6964e",
  "lockfileHash": "5fd52395",
  "browserHash": "64bc9815",
  "optimized": {
    "@angular/common": {
      "src": "../../../../../node_modules/@angular/common/fesm2022/common.mjs",
      "file": "@angular_common.js",
      "fileHash": "e1475bbe",
      "needsInterop": false
    },
    "@angular/common/http": {
      "src": "../../../../../node_modules/@angular/common/fesm2022/http.mjs",
      "file": "@angular_common_http.js",
      "fileHash": "34b2348a",
      "needsInterop": false
    },
    "@angular/core": {
      "src": "../../../../../node_modules/@angular/core/fesm2022/core.mjs",
      "file": "@angular_core.js",
      "fileHash": "8ee8cd09",
      "needsInterop": false
    },
    "@angular/forms": {
      "src": "../../../../../node_modules/@angular/forms/fesm2022/forms.mjs",
      "file": "@angular_forms.js",
      "fileHash": "e1fab6ac",
      "needsInterop": false
    },
    "@angular/material/badge": {
      "src": "../../../../../node_modules/@angular/material/fesm2022/badge.mjs",
      "file": "@angular_material_badge.js",
      "fileHash": "4ef951b0",
      "needsInterop": false
    },
    "@angular/material/button": {
      "src": "../../../../../node_modules/@angular/material/fesm2022/button.mjs",
      "file": "@angular_material_button.js",
      "fileHash": "37154102",
      "needsInterop": false
    },
    "@angular/material/card": {
      "src": "../../../../../node_modules/@angular/material/fesm2022/card.mjs",
      "file": "@angular_material_card.js",
      "fileHash": "341fe32b",
      "needsInterop": false
    },
    "@angular/material/form-field": {
      "src": "../../../../../node_modules/@angular/material/fesm2022/form-field.mjs",
      "file": "@angular_material_form-field.js",
      "fileHash": "4d53891e",
      "needsInterop": false
    },
    "@angular/material/icon": {
      "src": "../../../../../node_modules/@angular/material/fesm2022/icon.mjs",
      "file": "@angular_material_icon.js",
      "fileHash": "af488608",
      "needsInterop": false
    },
    "@angular/material/input": {
      "src": "../../../../../node_modules/@angular/material/fesm2022/input.mjs",
      "file": "@angular_material_input.js",
      "fileHash": "487c380c",
      "needsInterop": false
    },
    "@angular/material/paginator": {
      "src": "../../../../../node_modules/@angular/material/fesm2022/paginator.mjs",
      "file": "@angular_material_paginator.js",
      "fileHash": "c48df26e",
      "needsInterop": false
    },
    "@angular/material/progress-spinner": {
      "src": "../../../../../node_modules/@angular/material/fesm2022/progress-spinner.mjs",
      "file": "@angular_material_progress-spinner.js",
      "fileHash": "494c1777",
      "needsInterop": false
    },
    "@angular/material/sort": {
      "src": "../../../../../node_modules/@angular/material/fesm2022/sort.mjs",
      "file": "@angular_material_sort.js",
      "fileHash": "d1a35a2a",
      "needsInterop": false
    },
    "@angular/material/table": {
      "src": "../../../../../node_modules/@angular/material/fesm2022/table.mjs",
      "file": "@angular_material_table.js",
      "fileHash": "dd822f81",
      "needsInterop": false
    },
    "@angular/platform-browser": {
      "src": "../../../../../node_modules/@angular/platform-browser/fesm2022/platform-browser.mjs",
      "file": "@angular_platform-browser.js",
      "fileHash": "2da93635",
      "needsInterop": false
    },
    "@angular/router": {
      "src": "../../../../../node_modules/@angular/router/fesm2022/router.mjs",
      "file": "@angular_router.js",
      "fileHash": "9872f544",
      "needsInterop": false
    },
    "@swimlane/ngx-charts": {
      "src": "../../../../../node_modules/@swimlane/ngx-charts/fesm2022/swimlane-ngx-charts.mjs",
      "file": "@swimlane_ngx-charts.js",
      "fileHash": "5c7b7ba6",
      "needsInterop": false
    },
    "rxjs": {
      "src": "../../../../../node_modules/rxjs/dist/esm5/index.js",
      "file": "rxjs.js",
      "fileHash": "6dd06291",
      "needsInterop": false
    }
  },
  "chunks": {
    "chunk-X7AQGHD7": {
      "file": "chunk-X7AQGHD7.js"
    },
    "chunk-F74OYXJV": {
      "file": "chunk-F74OYXJV.js"
    },
    "chunk-O4Z6XDZY": {
      "file": "chunk-O4Z6XDZY.js"
    },
    "chunk-LXVGDNTW": {
      "file": "chunk-LXVGDNTW.js"
    },
    "chunk-AGHMPF2X": {
      "file": "chunk-AGHMPF2X.js"
    },
    "chunk-6TWHNK7F": {
      "file": "chunk-6TWHNK7F.js"
    },
    "chunk-O7PI6LUD": {
      "file": "chunk-O7PI6LUD.js"
    },
    "chunk-BXOTONHH": {
      "file": "chunk-BXOTONHH.js"
    },
    "chunk-7GKLUUXN": {
      "file": "chunk-7GKLUUXN.js"
    },
    "chunk-CY2DFSSY": {
      "file": "chunk-CY2DFSSY.js"
    },
    "chunk-UJ4OCBYT": {
      "file": "chunk-UJ4OCBYT.js"
    },
    "chunk-I7W6PI4F": {
      "file": "chunk-I7W6PI4F.js"
    }
  }
}